Shouldako Navic. Sure. Model,Recall,MRR,NDCG
infgrad/stella-base-en-v2,0.3745,0.2855833333333333,0.305626182970538
ai-sage/Giga-Embeddings-instruct,0.3895,0.29533333333333334,0.3171499019848239
ai-sage/Giga-Embeddings-instruct + BGE-Reranker,0.396,0.30416666666666664,0.3251707749160738
