Model,Recall,MRR,NDCG
infgrad/stella-base-en-v2,0.3745,0.2855833333333333,0.305626182970538
ai-sage/Giga-Embeddings-instruct,0.3895,0.29533333333333334,0.3171499019848239
ai-sage/Giga-Embeddings-instruct + BGE-Base (Pre-trained),0.3345,0.2455,0.26671252077857366
ai-sage/Giga-Embeddings-instruct + BGE-Finetuned,0.416,0.3125833333333334,0.33648007245178835
